<application>
  <component name="MaterialThemeConfig">
    <option name="arrowsStyle" value="Plus-Minus" />
    <option name="compactDropdowns" value="true" />
    <option name="isCompactMenus" value="true" />
    <option name="isCompactStatusBar" value="true" />
    <option name="isCompactTables" value="true" />
    <option name="isHighContrast" value="true" />
    <option name="isWizardShown" value="true" />
    <option name="pristineConfig" value="false" />
    <option name="treeFontSizeEnabled" value="true" />
    <option name="treeFontSize" value="11" />
    <option name="rightTreeIndent" value="6" />
    <option name="settingsSelectedTab" value="1" />
    <option name="accentColor" value="518cff" />
    <option name="userId" value="-5a21bc9d:16881bad3f4:-8000" />
    <option name="version" value="4.5.1" />
  </component>
</application>