<application>
  <component name="MessDetector">
    <phpmd_settings_migrated />
  </component>
  <component name="PhpCodeSniffer">
    <phpcs_settings_migrated />
  </component>
  <component name="PhpInterpreters">
    <interpreters>
      <interpreter id="fd3a9036-2b89-4163-bce7-a4c37597dfa8" name="PHP 7.3.3" home="C:\XAMPP\php\php.exe" debugger_id="php.debugger.XDebug" />
    </interpreters>
  </component>
  <component name="PhpInterpretersPhpInfoCache">
    <phpInfoCache>
      <interpreter name="PHP 7.3.3">
        <phpinfo binary_type="PHP" php_cgi="C:\XAMPP\php\php-cgi.exe" php_cli="C:\XAMPP\php\php.exe" path_separator=";" version="7.3.3">
          <additional_php_ini />
          <configuration_file>C:\XAMPP\php\php.ini</configuration_file>
          <configuration_options>
            <configuration_option name="include_path" value="C:\XAMPP\php\PEAR" />
          </configuration_options>
          <debuggers />
          <loaded_extensions>
            <extension name="Core" />
            <extension name="PDO" />
            <extension name="PDO_ODBC" />
            <extension name="Phar" />
            <extension name="Reflection" />
            <extension name="SPL" />
            <extension name="SimpleXML" />
            <extension name="bcmath" />
            <extension name="bz2" />
            <extension name="calendar" />
            <extension name="ctype" />
            <extension name="curl" />
            <extension name="date" />
            <extension name="dom" />
            <extension name="exif" />
            <extension name="fileinfo" />
            <extension name="filter" />
            <extension name="ftp" />
            <extension name="gd" />
            <extension name="gettext" />
            <extension name="hash" />
            <extension name="iconv" />
            <extension name="intl" />
            <extension name="json" />
            <extension name="libxml" />
            <extension name="mbstring" />
            <extension name="mysqli" />
            <extension name="mysqlnd" />
            <extension name="openssl" />
            <extension name="pcre" />
            <extension name="pdo_mysql" />
            <extension name="pdo_pgsql" />
            <extension name="pdo_sqlite" />
            <extension name="pgsql" />
            <extension name="readline" />
            <extension name="session" />
            <extension name="sqlite3" />
            <extension name="standard" />
            <extension name="tokenizer" />
            <extension name="wddx" />
            <extension name="xml" />
            <extension name="xmlreader" />
            <extension name="xmlwriter" />
            <extension name="zip" />
            <extension name="zlib" />
          </loaded_extensions>
        </phpinfo>
      </interpreter>
    </phpInfoCache>
  </component>
</application>