<application>
  <component name="ProjectManager">
    <defaultProject>
      <component name="PropertiesComponent">
        <property name="nodejs_interpreter_path.stuck_in_default_project" value="undefined stuck path" />
        <property name="nodejs_npm_path_reset_for_default_project" value="true" />
        <property name="settings.editor.selected.configurable" value="reference.settings.deploy.options" />
      </component>
      <component name="PublishConfigData" autoUpload="On explicit save action" autoUploadExternalChanges="true">
        <option name="myAutoUpload" value="ON_EXPLICIT_SAVE" />
      </component>
    </defaultProject>
  </component>
</application>