<application>
  <component name="WebServers">
    <option name="servers">
      <webServer id="5f43134d-a23c-4526-b839-941a6c8776ea" name="pizzajojo.com" url="http://ftp.online.net">
        <fileTransfer host="ftp.online.net" port="21">
          <advancedOptions>
            <advancedOptions controlEncoding="utf-8" dataProtectionLevel="Private" passiveMode="true" shareSSLContext="true" />
          </advancedOptions>
          <option name="port" value="21" />
        </fileTransfer>
      </webServer>
    </option>
  </component>
</application>